year,company,listing_date,issue_price,listing_return_pct
2016,Narayana Hrudayalaya,2016-01-06,250.0,34.7
2016,Precision Camshafts,2016-02-08,186.0,-4.5
2016,TeamLease Services,2016-02-12,850.0,20.3
2016,Quick Heal,2016-02-18,321.0,-20.9
2016,HealthCare Global,2016-03-30,218.0,-21.5
2016,Bharat Wire Ropes,2016-04-01,45.0,1.2
2016,Infibeam,2016-04-04,432.0,3.1
2016,Equitas Holdings,2016-04-21,110.0,22.9
2016,Thyrocare Technologies,2016-05-09,446.0,38.7
2016,Ujjivan Financial Services,2016-05-10,210.0,10.2
2016,Parag Milk Foods*,2016-05-19,203.0,21.6
2016,Mahanagar Gas,2016-07-01,421.0,23.5
2016,Quess Corp,2016-07-12,317.0,58.7
2016,L&T Infotech*,2016-07-21,710.0,-0.3
2016,Advanced Enzymes,2016-08-01,896.0,31.4
2016,Dilip Buildcon,2016-08-11,219.0,14.9
2016,SP Apparels,2016-08-12,268.0,7.7
2016,RBL Bank,2016-08-31,225.0,33.0
2016,L&T Technology Services,2016-09-23,860.0,1.0
2016,GNA Axles,2016-09-26,207.0,18.3
2016,ICICI Prudential Life Insurance,2016-09-29,334.0,-10.9
2016,HPL Electric,2016-10-04,202.0,-6.2
2016,Endurance Technologies,2016-10-19,472.0,37.0
2016,PNB Housing Finance,2016-11-07,775.0,14.9
2016,Varun Beverages,2016-11-08,445.0,3.2
2016,Sheela Foam,2016-12-09,730.0,41.3
2016,Laurus Labs,2016-12-19,428.0,12.2
2017,BSE Limited,2017-02-03,806.0,32.7
2017,Music Broadcast,2017-03-17,333.0,12.0
2017,Avenue Supermarts,2017-03-21,299.0,114.6
2017,CL Educate,2017-03-31,502.0,-15.9
2017,Shankara Building Products,2017-04-05,460.0,37.5
2017,S Chand & Company,2017-05-09,670.0,0.9
2017,IRB InvIT Fund,2017-05-18,102.0,-0.2
2017,HUDCO*,2017-05-19,60.0,25.1
2017,PSP Projects,2017-05-29,210.0,-5.0
2017,Indigrid InvIT Fund,2017-06-06,100.0,-1.4
2017,Tejas Networks,2017-06-27,257.0,2.5
2017,Eris Lifesciences,2017-06-29,603.0,-0.2
2017,CDSL,2017-06-30,149.0,75.6
2017,GTPL Hathway,2017-07-04,170.0,1.0
2017,AU Small Finance Bank,2017-07-10,358.0,51.3
2017,Salasar Techno Engineering,2017-07-25,108.0,143.1
2017,SIS India,2017-08-10,815.0,-7.1
2017,Cochin Shipyard*,2017-08-11,411.0,28.5
2017,Apex Frozen Foods,2017-09-04,175.0,21.2
2017,Dixon Technologies,2017-09-18,1766.0,63.7
2017,Bharat Road Network,2017-09-18,205.0,1.7
2017,Matrimony.com*,2017-09-21,898.0,0.7
2017,Capacit’e Infraprojects,2017-09-25,250.0,37.0
2017,ICICI Lombard,2017-09-27,661.0,3.1
2017,SBI Life Insurance,2017-10-03,700.0,1.1
2017,Prataap Snacks,2017-10-05,938.0,25.9
2017,Godrej Agrovet,2017-10-16,460.0,29.5
2017,MAS Financial Services,2017-10-18,459.0,42.6
2017,Indian Energy Exchange,2017-10-23,1650.0,-1.3
2017,GIC*,2017-10-25,867.0,0.8
2017,Reliance Nippon Life Asset Management,2017-11-06,252.0,12.9
2017,MahindraLogistics,2017-11-10,429.0,0.1
2017,New India Assurance*,2017-11-13,770.0,-5.6
2017,Khadim India,2017-11-14,750.0,-8.2
2017,HDFC Standard Life Insurance,2017-11-17,290.0,18.8
2017,Shalby,2017-12-15,248.0,-3.4
2017,Future Supply Chain Solutions,2017-12-18,664.0,3.4
2017,Astron Paper & Board,2017-12-29,50.0,141.5
2018,Apollo Microsystems,2018-01-22,275.0,60.65
2018,Newgen Software,2018-01-29,245.0,3.02
2018,Amber Enterprises,2018-01-30,859.0,44.97
2018,Galaxy Surfactants,2018-02-08,1480.0,14.9
2018,Aster DM Healthcare,2018-02-26,190.0,-4.45
2018,HG Infra Engineering,2018-03-09,270.0,-0.83
2018,Bharat Dynamics,2018-03-23,428.0,-8.93
2018,Bandhan Bank,2018-03-27,375.0,27.16
2018,Hindustan Aeronautics,2018-03-28,1240.0,-8.64
2018,Sandhar Technologies,2018-04-02,332.0,-2.97
2018,Karda Constructions,2018-04-02,180.0,-20.67
2018,ICICI Securities,2018-04-04,520.0,-14.4
2018,Mishra Dhatu Nigam,2018-04-04,90.0,0.06
2018,Lemon Tree Hotels,2018-04-09,56.0,27.95
2018,Indostar Capital Finance,2018-05-21,572.0,2.47
2018,Fine Organics,2018-07-02,783.0,5.08
2018,RITES Limited,2018-07-02,185.0,-7.76
2018,Varroc Engineering,2018-07-06,967.0,7.28
2018,TCNS Clothing,2018-07-30,716.0,-7.94
2018,HDFC AMC,2018-08-06,1100.0,65.09
2018,Creditaccess Grameen,2018-08-23,422.0,0.01
2018,IRCON International,2018-09-28,475.0,-12.57
2018,Aavas Financiers,2018-10-08,821.0,-5.68
2018,Garden Reach Shipbuilders,2018-10-10,118.0,-12.46
2019,Xelpmoc Design,2019-02-04,66.0,-9.32
2019,Chalet Hotels,2019-02-07,280.0,4.18
2019,MSTC,2019-03-29,120.0,-5.04
2019,Rail Vikas Nigam,2019-04-11,19.0,0.26
2019,Metropolis Healthcare,2019-04-15,880.0,9.07
2019,Polycab India,2019-04-16,538.0,21.71
2019,Neogen Chemicals,2019-05-08,215.0,22.58
2019,IndiaMART Intermesh,2019-07-04,973.0,33.81
2019,Affle India,2019-08-08,745.0,17.27
2019,Spandana Sphoorti Financial,2019-08-19,856.0,-0.96
2019,Sterling Wilson Solar,2019-08-20,780.0,-6.9
2019,IRCTC Limited,2019-10-14,320.0,127.42
2019,Vishwaraj Sugar,2019-10-15,60.0,0.58
2019,CSB Bank,2019-12-04,195.0,53.87
2019,Ujjivan Bank,2019-12-12,37.0,51.22
2019,Prince Pipes,2019-12-30,178.0,-6.24
2020,SBI Cards,2020-03-16,755.0,-9.75
2020,Rossari Biotech,2020-07-23,425.0,74.51
2020,Happiest Minds Technologies,2020-09-17,166.0,123.46
2020,Route Mobile,2020-09-21,350.0,86.09
2020,CAMS,2020-10-01,1230.0,13.95
2020,Chemcon Speciality Chemicals,2020-10-01,340.0,72.0
2020,Angel Broking,2020-10-05,306.0,-9.87
2020,Mazagon Dock Shipbuilders,2020-10-12,145.0,18.59
2020,UTI AMC,2020-10-12,554.0,-14.04
2020,Likhitha Infrastructure,2020-10-15,120.0,13.75
2020,Equitas Small Finance Bank,2020-11-02,33.0,-0.61
2020,Gland Pharma,2020-11-20,1500.0,21.3
2020,Burger King,2020-12-14,60.0,125.0
2020,Mrs Bectors Food Specialities,2020-12-24,288.0,106.32
2021,Antony Waste Handling Cell,2021-01-01,315.0,29.32
2021,IRFC,2021-01-29,26.0,-4.62
2021,Indigo Paints,2021-02-02,1490.0,109.2
2021,Home First Finance,2021-02-03,518.0,1.84
2021,Stove Kraft,2021-02-05,385.0,15.83
2021,Nureca,2021-02-25,400.0,61.44
2021,RailTel,2021-02-26,94.0,29.1
2021,Heranba Industries,2021-03-05,627.0,29.6
2021,MTAR Technologies,2021-03-15,575.0,88.26
2021,Easy Trip Planners,2021-03-19,187.0,11.47
2021,Anupam Rasyan,2021-03-24,555.0,-5.08
2021,Laxmi Organic,2021-03-25,130.0,26.5
2021,Craftsman Automation,2021-03-25,1490.0,-3.65
2021,Kalyan Jewellers,2021-03-26,87.0,-13.56
2021,Nazara Technologies,2021-03-30,1101.0,-27.7
2021,Suryoday Bank,2021-03-30,305.0,-11.21
2021,Barbeque Nation,2021-04-07,500.0,17.56
2021,Lodha Macrotech Developers,2021-04-19,486.0,-4.27
2021,Sona BLW,2021-06-24,291.0,24.12
2021,Shyam Metalics,2021-06-24,306.0,22.92
2021,KIMS,2021-06-28,825.0,20.84
2021,Dodla Dairy,2021-06-28,428.0,42.5
2021,India Pesticides,2021-07-05,296.0,15.93
2021,Clean Science And Technology,2021-07-19,900.0,76.14
2021,GR Infraprojects,2021-07-19,837.0,108.73
2021,Zomato,2021-07-23,76.0,65.79
2021,Tatva Chintan Pharma,2021-07-29,1083.0,113.5
2021,Glenmark Life Sciences,2021-08-06,720.0,3.96
2021,Rolex Rings,2021-08-09,900.0,29.67
2021,Devyani International,2021-08-16,90.0,37.22
2021,Exxaro Tiles,2021-08-16,120.0,10.25
2021,Krsnaa Diagnostics,2021-08-16,954.0,3.46
2021,Windlas Biotech,2021-08-16,460.0,-11.49
2021,CarTrade Tech,2021-08-20,1618.0,-7.23
2021,Nuvoco Vistas,2021-08-23,570.0,-6.72
2021,Aptus Value Housing Finance,2021-08-24,353.0,-1.73
2021,Chemplast Sanmar,2021-08-24,541.0,-1.0
2021,Ami Organics,2021-09-14,610.0,53.28
2021,Vijaya Diagnostic,2021-09-14,531.0,16.78
2021,Sansera Engineering,2021-09-24,744.0,10.02
2021,Paras Defence,2021-10-01,175.0,181.4
2021,Aditya Birla AMC,2021-10-11,712.0,-1.76
2021,Nykaa,2021-11-10,1125.0,96.07
2021,Fino Payments Bank,2021-11-12,577.0,-5.74
2021,Sigachi Industries,2021-11-15,163.0,267.18
2021,SJS Enterprises,2021-11-15,542.0,-5.87
2021,PolicyBazaar,2021-11-15,980.0,22.68
2021,Sapphire Foods,2021-11-18,1180.0,2.67
2021,Paytm,2021-11-18,2150.0,-27.4
2021,Latent View Analytics,2021-11-23,197.0,148.1
2021,Tarsons Products,2021-11-26,662.0,23.63
2021,Go Fashion,2021-11-30,690.0,81.7
2021,Star Health,2021-12-10,900.0,0.76
2021,Tega Industries,2021-12-13,453.0,60.28
2021,Anand Rathi Wealth,2021-12-14,550.0,6.1
2021,Rategain Travel,2021-12-17,425.0,-19.99
2021,Shriram Properties,2021-12-20,118.0,-15.59
2021,CE Infosystems,2021-12-21,1033.0,34.91
2021,Metro Brands,2021-12-22,500.0,-1.33
2021,Medplus Health,2021-12-23,796.0,40.85
2021,Data Patterns,2021-12-24,585.0,29.06
2021,HP Adhesives,2021-12-27,274.0,20.71
2021,Supriya Lifescience,2021-12-28,274.0,42.65
2021,CMS Infosystems,2021-12-31,216.0,10.28
2022,AGS Transact,2022-01-31,175.0,-7.97
2022,Adani Wilmar,2022-02-08,230.0,16.63
2022,Vedant Fashions,2022-02-16,866.0,7.8
2022,Uma Exports,2022-04-07,68.0,17.35
2022,Veranda Learning,2022-04-11,137.0,-4.2
2022,HariOm Pipe,2022-04-13,153.0,50.98
2022,Campus Shoes,2022-05-09,292.0,29.76
2022,Rainbow Hospital,2022-05-10,542.0,-16.94
2022,LIC,2022-05-17,949.0,-7.77
2022,Prudent Corporate Advisory,2022-05-20,630.0,-10.83
2022,Venus Pipes,2022-05-24,326.0,8.7
2022,Delhivery,2022-05-24,487.0,10.13
2022,Paradeep Phosphates,2022-05-27,42.0,4.52
2022,Ethos,2022-05-30,878.0,-8.53
2022,eMudhra,2022-06-01,256.0,0.74
2022,Aether Industries,2022-06-03,642.0,20.62
2022,Syrma SGS,2022-08-26,220.0,41.14
2022,DreamFolks,2022-09-06,326.0,41.84
2022,Tamilnad Mercantile Bank,2022-09-15,510.0,-0.07
2022,Harsha Engineers,2022-09-26,330.0,47.42
2022,Electronics Mart,2022-10-17,59.0,43.22
2022,Tracxn,2022-10-20,80.0,16.56
2022,DCX Systems,2022-11-11,207.0,49.01
2022,Fusion Microfinance,2022-11-15,368.0,-11.74
2022,Global Health (Medanta),2022-11-16,336.0,23.6
2022,Bikaji Foods,2022-11-16,300.0,5.82
2022,Five-Star Business Finance,2022-11-21,474.0,3.38
2022,Archean Chemical,2022-11-21,407.0,12.57
2022,Kaynes Technology,2022-11-22,587.0,17.54
2022,Inox Green Energy,2022-11-23,65.0,-9.08
2022,Keystone Realtors,2022-11-24,541.0,2.93
2022,Dharmaj Crop Guard,2022-12-08,237.0,12.36
2022,Uniparts,2022-12-12,577.0,-6.47
2022,Sula Vineyards,2022-12-22,357.0,-7.23
2022,Landmark Cars,2022-12-23,506.0,-9.41
2022,Abans Holdings,2022-12-23,270.0,-19.98
2022,KFin Technologies,2022-12-29,366.0,-0.59
2022,Elin Electronics,2022-12-30,247.0,-7.83
2023,Radiant Cash Management,2023-01-04,99.0,5.96
2023,Sah Polymers,2023-01-12,65.0,37.31
2023,Divgi TorqTransfer,2023-03-14,590.0,2.58
2023,Global Surfaces,2023-03-23,140.0,22.18
2023,Udayshivakumar Infra,2023-04-03,35.0,-10.0
2023,Avalon Technologies,2023-04-18,436.0,-8.72
2023,Mankind Pharma,2023-05-09,1080.0,31.69
2023,IKIO Lighting,2023-06-16,285.0,41.7
2023,HMA Agro,2023-07-04,585.0,0.12
2023,IdeaForge,2023-07-07,672.0,92.7
2023,Cyient DLM,2023-07-10,265.0,58.72
2023,Senco Gold,2023-07-14,317.0,27.85
2023,Utkarsh Small Finance Bank,2023-07-21,25.0,92.0
2023,Netweb Technologies,2023-07-27,500.0,82.08
2023,Yatharth Hospital,2023-08-07,300.0,11.28
2023,SBFC Finance,2023-08-16,57.0,61.75
2023,Concord Biotech,2023-08-18,741.0,27.23
2023,TVS Supply Chain,2023-08-23,197.0,2.03
2023,Pyramid Technoplast,2023-08-29,166.0,7.02
2023,Aeroflex Industries,2023-08-31,108.0,51.16
2023,Vishnu Prakash Punglia,2023-09-05,99.0,47.17
2023,Ratnaveer Precision Engineering,2023-09-11,98.0,31.99
2023,Rishabh Instruments,2023-09-11,441.0,0.49
2023,Jupiter Life Line Hospitals,2023-09-18,735.0,46.36
2023,RR Kabel,2023-09-20,1035.0,15.75
2023,EMS Limited,2023-09-21,211.0,32.65
2023,Zaggle Prepaid,2023-09-22,164.0,-3.45
2023,Samhi Hotels,2023-09-22,126.0,13.81
2023,Signature Global,2023-09-27,385.0,19.1
2023,Sai Silks,2023-09-27,222.0,10.32
2023,Yatra Online,2023-09-28,142.0,-4.3
2023,JSW Infra,2023-10-03,119.0,32.18
2023,Manoj Vaibhav Gems,2023-10-03,215.0,0.23
2023,Updater Services,2023-10-04,300.0,-5.37
2023,Valiant Laboratories,2023-10-06,140.0,21.61
2023,Plaza Wires,2023-10-13,54.0,48.52
2023,IRM Energy,2023-10-26,505.0,-6.31
2023,Blue Jet Healthcare,2023-11-01,346.0,19.48
2023,Cello World,2023-11-06,648.0,22.18
2023,Mamaearth,2023-11-07,324.0,4.04
2023,ESAF Bank,2023-11-10,60.0,15.08
2023,Protean eGov,2023-11-13,792.0,11.49
2023,ASK Automotive,2023-11-15,282.0,9.96
2023,IREDA,2023-11-29,32.0,87.5
2023,Tata Technologies,2023-11-30,500.0,162.6
2023,Gandhar Oil,2023-11-30,169.0,78.34
2023,FedFina,2023-11-30,140.0,0.18
2023,Flair Writing,2023-12-01,304.0,48.32
2023,DOMS Industries,2023-12-20,790.0,67.85
2023,India Shelter Finance,2023-12-20,493.0,10.49
2023,INOX India,2023-12-21,660.0,42.42
2023,Suraj Estate,2023-12-26,360.0,-7.08
2023,Muthoot Microfin,2023-12-26,291.0,-8.54
2023,Motisons Jewellers,2023-12-26,55.0,88.27
2023,Happy Forgings,2023-12-27,850.0,21.27
2023,RBZ Jewellers,2023-12-27,100.0,5.0
2023,Credo Brands,2023-12-27,280.0,11.5
2023,Azad Engineering,2023-12-28,524.0,29.29
2023,Innova Captab,2023-12-29,448.0,20.85
2024,Jyoti CNC,2024-01-16,331.0,31.18
2024,Medi Assist Healthcare,2024-01-23,418.0,11.03
2024,EPACK Durable,2024-01-30,230.0,-9.74
2024,Nova Agri,2024-01-31,41.0,40.85
2024,BLS E-Services,2024-02-06,135.0,171.11
2024,Apeejay Surrendra Park Hotels,2024-02-12,155.0,31.32
2024,Rashi Peripherals,2024-02-14,311.0,3.38
2024,Capital Small Finance Bank,2024-02-14,468.0,-7.05
2024,Jana Small Finance Bank,2024-02-14,414.0,-11.07
2024,Entero Healthcare,2024-02-16,1258.0,-8.62
2024,Vibhor Steel,2024-02-20,151.0,195.53
2024,Juniper Hotels,2024-02-28,360.0,11.53
2024,GPT Healthcare,2024-02-29,186.0,7.9
2024,Platinum Industries,2024-03-05,171.0,29.36
2024,Exicom Tele-Systems,2024-03-05,142.0,58.42
2024,Mukka Proteins,2024-03-07,28.0,50.89
2024,R K Swamy,2024-03-12,288.0,-8.59
2024,JG Chemicals,2024-03-13,221.0,-16.45
2024,Gopal Snacks,2024-03-14,401.0,-9.55
2024,Popular Vehicles,2024-03-19,295.0,-6.39
2024,Krystal Integrated,2024-03-21,715.0,-0.3
2024,SRM Contractors,2024-04-03,210.0,7.62
2024,Bharti Hexacom,2024-04-12,570.0,42.68
2024,JNK India,2024-04-30,415.0,67.36
2024,Indegene,2024-05-13,452.0,26.31
2024,TBO Tek,2024-05-15,920.0,52.86
2024,Aadhar Housing Finance,2024-05-15,315.0,4.59
2024,Go Digit Insurance,2024-05-23,272.0,12.5
2024,Awfis Space,2024-05-30,383.0,10.12
2024,Kronox Lab,2024-06-10,136.0,17.15
2024,Ixigo,2024-06-18,93.0,78.19
2024,Akme Fintrade,2024-06-26,120.0,11.13
2024,Dee Development,2024-06-26,203.0,65.18
2024,Stanley Lifestyles,2024-06-28,369.0,28.66
2024,Allied Blenders,2024-07-02,281.0,13.13
2024,Vraj Iron,2024-07-03,207.0,21.74
2024,Emcure Pharma,2024-07-10,1008.0,34.84
2024,Bansal Wire,2024-07-10,256.0,36.86
2024,Sanstar,2024-07-26,95.0,21.13
2024,Akums Drugs,2024-08-06,679.0,17.27
2024,Ceigall India,2024-08-08,401.0,-3.55
2024,OLA Electric,2024-08-09,76.0,20.0
2024,FirstCry,2024-08-13,465.0,46.04
2024,Unicommerce eSolutions,2024-08-13,108.0,94.52
2024,Saraswati Saree,2024-08-20,160.0,27.31
2024,Interarch Building Products,2024-08-26,900.0,32.86
2024,Orient Technologies,2024-08-28,206.0,46.8
2024,Premier Energies,2024-09-03,450.0,86.64
2024,ECOS Mobility,2024-09-04,334.0,32.68
2024,Baazar Style Retail,2024-09-06,389.0,2.83
2024,Gala Precision,2024-09-09,529.0,43.13
2024,Shree Tirupati Balajee Agro,2024-09-12,83.0,13.86
2024,Kross,2024-09-16,240.0,8.25
2024,Bajaj Housing Finance,2024-09-16,70.0,135.71
2024,Tolins Tyres,2024-09-16,226.0,5.93
2024,PN Gadgil Jewellers,2024-09-17,480.0,65.27
2024,Arkade Developers,2024-09-24,128.0,29.58
2024,Western Carriers,2024-09-24,172.0,-7.3
2024,Northern Arc Capital,2024-09-24,263.0,22.97
2024,Manba Finance,2024-09-30,120.0,26.88
2024,KRN Heat Exchanger,2024-10-03,220.0,117.63
2024,Diffusion Engineers,2024-10-04,168.0,20.93
2024,Garuda Construction,2024-10-15,95.0,11.96
2024,Hyundai India,2024-10-22,1960.0,-7.16
2024,Deepak Builders and Engineers,2024-10-28,203.0,-20.22
2024,Waaree Energies,2024-10-28,1503.0,55.62
2024,Godavari Biorefineries,2024-10-30,352.0,-2.5
2024,Afcons Infrastructure,2024-11-04,463.0,2.42
2024,Sagility India,2024-11-12,30.0,-2.27
2024,Swiggy,2024-11-13,390.0,16.92
2024,ACME Solar,2024-11-13,289.0,-12.4
2024,Niva Bupa Health Insurance,2024-11-14,74.0,0.03
2024,Zinka Logistics,2024-11-22,273.0,-4.74
2024,NTPC Green Energy,2024-11-27,108.0,12.64
2024,Enviro Infra,2024-11-29,148.0,39.91
2024,Suraksha Diagnostic,2024-12-06,441.0,-5.39
2024,One Mobikwik Systems,2024-12-18,279.0,89.25
2024,Vishal Mega Mart,2024-12-18,78.0,43.5
2024,Sai Life Sciences,2024-12-18,549.0,39.28
2024,Inventurus Knowledge Solutions,2024-12-19,1329.0,47.54
2024,International Gemmological Institute,2024-12-20,417.0,12.99
2024,Concord Enviro Systems,2024-12-27,701.0,17.99
2024,DAM Capital,2024-12-27,283.0,46.68
2024,Sanathan Textiles,2024-12-27,321.0,20.98
2024,Mamata Machinery,2024-12-27,243.0,159.26
2024,Transrail Lighting,2024-12-27,432.0,28.14
2024,Senores Pharmaceutical,2024-12-30,391.0,42.47
2024,Carraro India,2024-12-30,704.0,-9.63
2024,Ventive Hospitality,2024-12-30,643.0,9.54
2024,Unimech Aerospace,2024-12-31,785.0,75.32
2025,Indo Farm Equipment,2025-01-07,215.0,27.3
2025,Standard Glass Lining,2025-01-13,140.0,16.63
2025,Quadrant Future Tek,2025-01-14,290.0,53.1
2025,Laxmi Dental,2025-01-20,428.0,28.63
2025,Stallion India,2025-01-23,90.0,40.0
2025,Denta Water and Infra,2025-01-29,294.0,16.07
2025,Dr. Agarwal’s Health,2025-02-04,402.0,-0.09
2025,Ajax Engineering,2025-02-17,629.0,-5.34
2025,Hexaware Technologies,2025-02-19,708.0,7.7
2025,Quality Power Electrical,2025-02-24,425.0,-8.73
2025,Ather Energy,2025-05-06,321.0,-5.83
2025,Borana Weaves,2025-05-27,216.0,18.13
2025,Belrise Industries,2025-05-28,90.0,8.23
2025,Schloss Bangalore,2025-06-02,435.0,0.13
2025,Aegis Vopak Terminals,2025-06-02,235.0,2.98
2025,Prostarm Info Systems,2025-06-03,105.0,20.0
2025,Scoda Tubes,2025-06-04,140.0,5.0
2025,Oswal Pumps,2025-06-20,614.0,1.85
2025,ArisInfra Solutions,2025-06-25,222.0,-21.45
2025,Kalpataru,2025-07-01,414.0,4.58
2025,Ellenbarrie Industrial,2025-07-01,400.0,33.65
2025,Globe Civil Projects,2025-07-01,71.0,33.04
2025,HDB Financial Services,2025-07-02,740.0,13.64
2025,Sambhv Steel Tubes,2025-07-02,82.0,19.01
2025,Indogulf Cropsciences,2025-07-03,111.0,-0.59
2025,Crizac,2025-07-09,245.0,25.56
2025,Travel Food Services,2025-07-14,1100.0,-2.29
2025,Smartworks Coworking,2025-07-17,407.0,9.35
2025,Anthem Biosciences,2025-07-21,570.0,28.13
2025,IndiQube Spaces,2025-07-30,237.0,-8.03
2025,GNG Electronics,2025-07-30,237.0,40.67
2025,Brigade Hotel Ventures,2025-07-31,90.0,-5.2
2025,Shanti Gold,2025-08-01,199.0,15.27
2025,Aditya Infotech,2025-08-05,675.0,60.74
2025,Laxmi India Finance,2025-08-05,158.0,-15.12
2025,NSDL,2025-08-06,800.0,17.0
2025,Sri Lotus Developers,2025-08-06,150.0,30.45
2025,M&B Engineering,2025-08-06,385.0,5.26
2025,Highway Infrastructure,2025-08-12,70.0,72.5
2025,JSW Cement,2025-08-14,147.0,-0.63
2025,All Time Plastics,2025-08-14,275.0,3.02
2025,BlueStone Jewellery,2025-08-19,517.0,5.61
2025,Regaal Resources,2025-08-20,102.0,29.0
2025,Vikram Solar,2025-08-26,332.0,7.35
2025,Gem Aromatics,2025-08-26,325.0,-1.83
2025,Shreeji Shipping,2025-08-26,252.0,1.23
2025,Patel Retail,2025-08-26,255.0,12.82
2025,Mangal Electrical,2025-08-28,561.0,-4.57
2025,Vikran Engineering,2025-09-03,97.0,-1.33
2025,Anlon Healthcare,2025-09-03,91.0,0.8
2025,Amanta Healthcare,2025-09-09,126.0,12.5
2025,Urban Company,2025-09-17,103.0,61.97
2025,Shringar House of Mangalsutra,2025-09-17,165.0,12.05
2025,Dev Accelerator,2025-09-17,61.0,5.0
2025,Euro Pratik Sales,2025-09-23,247.0,0.49
2025,VMS TMT,2025-09-24,99.0,0.66
2025,iValue Infosolutions,2025-09-25,299.0,-5.74
2025,Saatvik Green Energy,2025-09-26,465.0,-5.23
2025,GK Energy,2025-09-26,153.0,9.63
2025,Atlanta Electricals,2025-09-29,754.0,9.2
2025,Ganesh Consumer,2025-09-29,322.0,-8.6
2025,Seshaasai Technologies,2025-09-30,423.0,-2.73
2025,Anand Rathi Share,2025-09-30,414.0,7.62
2025,Solarworld Energy,2025-09-30,351.0,-7.91
2025,Jaro Education,2025-09-30,890.0,-16.38
2025,Jain Resource Recycling,2025-10-01,232.0,37.09
2025,EPACK Prefab,2025-10-01,204.0,-6.54
2025,BMW Ventures,2025-10-01,99.0,-25.15
2025,TruAlt Bioenergy,2025-10-03,496.0,7.05
2025,Jinkushal Industries,2025-10-03,121.0,0.55
2025,Pace Digitek,2025-10-06,219.0,-0.46
2025,Glottis,2025-10-07,129.0,-35.12
2025,Fabtech Technologies,2025-10-07,191.0,-4.5
2025,Advance Agrolife,2025-10-08,100.0,8.3
2025,Om Freight Forwarders,2025-10-08,135.0,-36.61
2025,WeWork India,2025-10-10,648.0,-2.99
2025,Tata Capital,2025-10-13,326.0,1.38
2025,LG Electronics,2025-10-14,1140.0,48.24
2025,Rubicon Research,2025-10-16,485.0,29.53
2025,Canara Robeco,2025-10-16,266.0,12.95
2025,Canara HSBC Life,2025-10-17,106.0,5.11
2025,Midwest,2025-10-24,1065.0,7.09
2025,Orkla India,2025-11-06,730.0,-2.24
2025,Lenskart Solutions,2025-11-07,402.0,0.27
2025,Studds Accessories,2025-11-07,585.0,-4.22
2025,Groww,2025-11-12,100.0,31.33
2025,Pine Labs,2025-11-14,221.0,14.03
2025,Physicswallah,2025-11-18,109.0,42.42
2025,Emmvee Photovoltaic,2025-11-18,217.0,1.11
2025,Tenneco Clean Air,2025-11-19,397.0,23.63
2025,Fujiyama Solar,2025-11-20,228.0,-8.58
2025,Capillary Technologies,2025-11-21,577.0,5.11
2025,Excelsoft Technologies,2025-11-26,120.0,4.98
2025,Sudeep Pharma,2025-11-28,593.0,30.55
2025,Vidya Wires,2025-12-10,52.0,2.25
2025,Meesho,2025-12-10,111.0,53.23
2025,Aequs,2025-12-10,124.0,22.01
2025,Corona Remedies,2025-12-15,1062.0,35.44
2025,Wakefit Innovations,2025-12-15,195.0,-1.39
2025,Park Medi World,2025-12-17,162.0,-8.67
2025,NephroPlus,2025-12-17,460.0,2.45
2025,ICICI Prudential AMC,2025-12-19,2165.0,19.44
2025,KSH International,2025-12-23,384.0,-7.55
2025,Gujarat Kidney Super Speciality,2025-12-30,114.0,-8.3
2026,Bharat Coking Coal,2026-01-19,23.0,76.43
2026,Amagi Media Labs,2026-01-21,361.0,-3.53
2026,Shadowfax Technologies,2026-01-28,124.0,-11.31
2026,Fractal Analytics,2026-02-16,900.0,-5.87
2026,Aye Finance,2026-02-16,129.0,-0.07
2026,Gaudium IVF,2026-02-27,79.0,1.59
2026,Shree Ram Twistex,2026-03-02,104.0,-31.35
2026,Clean Max Enviro Energy,2026-03-02,1053.0,-17.62
2026,PNGS Reva,2026-03-04,386.0,6.66
2026,Omnitech Engineering,2026-03-05,227.0,-9.72
2026,Sedemac Mechatronics,2026-03-11,1352.0,7.33
2026,Rajputana Stainless,2026-03-19,122.0,-7.35
2026,Innovision,2026-03-23,519.0,-27.9
2026,GSP Crop Science,2026-03-24,320.0,11.33
2026,Central Mine Planning,2026-03-30,172.0,-10.43
2026,Powerica,2026-04-02,395.0,-1.27
2026,Aeroplane Basmati,2026-04-02,212.0,-15.09
2026,Sai Parenteral’s,2026-04-02,392.0,3.49
2026,Om Power,2026-04-17,175.0,10.5
2026,Kissht,2026-05-08,171.0,22.01
2026,CMR Green,2026-06-10,192.0,25.63
2026,Hexagon Nutrition,2026-06-12,45.0,12.58
2026,Turtlemint Fintech,2026-06-29,152.0,-10.94
2026,Rambhajo Jewellery,2026-07-01,138.0,30.04
2026,Waterways Leisure Tourism,2026-07-01,808.0,-17.31
2026,CSM Technologies,2026-07-02,113.0,-5.0
2026,Aastha Spintex,2026-07-06,136.0,0.36
2026,Knack Packaging,2026-07-08,170.0,7.64
2026,Kusumgar,2026-07-15,419.0,43.87
2026,Laser Power,2026-07-16,214.0,22.63
2026,SBI Funds Management,2026-07-21,574.0,6.23
2026,Alpine Texworld,2026-07-21,105.0,-5.0
2026,Caliber Mining,2026-07-24,424.0,24.58
2026,Indo-MIM,2026-07-30,485.0,52.94
2026,Lohia Corp,2026-07-30,425.0,16.38
2026,Xtranet Technologies,2026-07-30,127.0,1.73
2026,Manipal Health,2026-08-05,590.0,13.04
2026,MV Electrosystems,2026-08-06,425.0,46.82
2026,Juniper Green Energy,2026-08-06,225.0,15.43
2026,Ardee Industries,2026-08-12,53.0,26.64
2026,LEAP India,2026-08-14,159.0,-8.85
2026,Technocraft Ventures,2026-08-14,212.0,46.77
2026,Dhoot Transmission,2026-08-17,871.0,36.29
2026,Molbio Diagnostics,2026-08-17,807.0,29.08
2026,Milky Mist,2026-08-18,140.0,29.64
2026,Behari Lal Engineering,2026-08-19,285.0,76.21
2026,Shiprocket,2026-08-19,97.0,47.89
2026,Horizon Industrial Parks,2026-08-24,60.0,-3.07
2026,Lalithaa Jewellery Mart,2026-08-24,201.0,23.6
2026,Sunshine Pictures,2026-08-25,360.0,2.56
2026,Shankesh Jewellers,2026-08-25,93.0,1.96
2026,Gaja Alternative,2026-08-26,160.0,5.42
2026,Tempsens Instruments,2026-08-28,300.0,95.55
2026,Augmont Enterprises,2026-08-31,788.0,15.25
2026,Hy-Tech Engineers,2026-09-01,53.0,48.58
2026,Symbiotec Pharmalab,2026-09-01,988.0,11.1
2026,Skyways Air Services,2026-09-01,138.0,-9.01
2026,Annu Projects,2026-09-02,99.0,-23.64
2026,Lumino Industries,2026-09-03,82.0,34.54
2026,ESDS Software,2026-09-04,429.0,111.75
2026,Priority Jewels,2026-09-04,200.0,20.75
2026,Purple Style Labs,2026-09-07,575.0,-1.12
2026,Deepa Jewellers,2026-09-08,177.0,9.81
2026,Rays of Belief,2026-09-08,239.0,-4.46
2026,Pranav Constructions,2026-09-15,124.0,6.45
2026,Glass Wall Systems,2026-09-16,182.0,18.05
2026,Kanohar Electricals,2026-09-16,632.0,18.91
2026,Prasol Chemicals,2026-09-16,676.0,-0.74
2026,ARCIL,2026-09-17,139.0,-1.42
2026,Karamtara Engineering,2026-09-17,254.0,38.58
2026,LCC Projects,2026-09-17,146.0,16.51
2026,Manipal Payment,2026-09-17,339.0,1.81
2026,Rentomojo,2026-09-17,404.0,32.24
2026,Steamhouse India,2026-09-17,81.0,26.6
2026,Veegaland Developers,2026-09-18,140.0,4.5
