symbol,security_id,name,exchange_segment
360ONE,13061,360 ONE WAM Ltd.,NSE_EQ
3MINDIA,474,3M India Ltd.,NSE_EQ
AADHARHFC,23729,Aadhar Housing Finance Ltd.,NSE_EQ
AARTIIND,7,Aarti Industries Ltd.,NSE_EQ
AAVAS,5385,Aavas Financiers Ltd.,NSE_EQ
ABB,13,ABB India Ltd.,NSE_EQ
ABBOTINDIA,17903,Abbott India Ltd.,NSE_EQ
ABCAPITAL,21614,Aditya Birla Capital Ltd.,NSE_EQ
ABDL,24308,Allied Blenders and Distillers Ltd.,NSE_EQ
ABFRL,30108,Aditya Birla Fashion and Retail Ltd.,NSE_EQ
ABLBL,756843,Aditya Birla Lifestyle Brands Ltd.,NSE_EQ
ABREL,625,Aditya Birla Real Estate Ltd.,NSE_EQ
ABSLAMC,6018,Aditya Birla Sun Life AMC Ltd.,NSE_EQ
ACC,22,ACC Ltd.,NSE_EQ
ACE,13587,Action Construction Equipment Ltd.,NSE_EQ
ACMESOLAR,27061,ACME Solar Holdings Ltd.,NSE_EQ
ACUTAAS,5578,Acutaas Chemicals Ltd.,NSE_EQ
ADANIENSOL,10217,Adani Energy Solutions Ltd.,NSE_EQ
ADANIENT,25,Adani Enterprises Ltd.,NSE_EQ
ADANIGREEN,3563,Adani Green Energy Ltd.,NSE_EQ
ADANIPORTS,15083,Adani Ports and Special Economic Zone Ltd.,NSE_EQ
ADANIPOWER,17388,Adani Power Ltd.,NSE_EQ
AEGISLOG,40,Aegis Logistics Ltd.,NSE_EQ
AEGISVOPAK,757336,Aegis Vopak Terminals Ltd.,NSE_EQ
AFCONS,25977,Afcons Infrastructure Ltd.,NSE_EQ
AFFLE,11343,Affle 3i Ltd.,NSE_EQ
AIAENG,13086,AIA Engineering Ltd.,NSE_EQ
AIIL,23553,Authum Investment & Infrastructure Ltd.,NSE_EQ
AJANTPHARM,8124,Ajanta Pharmaceuticals Ltd.,NSE_EQ
ALKEM,11703,Alkem Laboratories Ltd.,NSE_EQ
AMBER,1185,Amber Enterprises India Ltd.,NSE_EQ
AMBUJACEM,1270,Ambuja Cements Ltd.,NSE_EQ
ANANDRATHI,7145,Anand Rathi Wealth Ltd.,NSE_EQ
ANANTRAJ,13620,Anant Raj Ltd.,NSE_EQ
ANGELONE,324,Angel One Ltd.,NSE_EQ
ANTHEM,757885,Anthem Biosciences Ltd.,NSE_EQ
ANURAS,2829,Anupam Rasayan India Ltd.,NSE_EQ
APARINDS,11491,Apar Industries Ltd.,NSE_EQ
APLAPOLLO,25780,APL Apollo Tubes Ltd.,NSE_EQ
APOLLOHOSP,157,Apollo Hospitals Enterprise Ltd.,NSE_EQ
APOLLOTYRE,163,Apollo Tyres Ltd.,NSE_EQ
APTUS,5435,Aptus Value Housing Finance India Ltd.,NSE_EQ
ARE&M,100,Amara Raja Energy & Mobility Ltd.,NSE_EQ
ASAHIINDIA,5378,Asahi India Glass Ltd.,NSE_EQ
ASHOKLEY,212,Ashok Leyland Ltd.,NSE_EQ
ASIANPAINT,236,Asian Paints Ltd.,NSE_EQ
ASTERDM,1508,Aster DM Healthcare Ltd.,NSE_EQ
ASTRAL,14418,Astral Ltd.,NSE_EQ
ATGL,6066,Adani Total Gas Ltd.,NSE_EQ
ATHERENERG,757645,Ather Energy Ltd.,NSE_EQ
ATUL,263,Atul Ltd.,NSE_EQ
AUBANK,21238,AU Small Finance Bank Ltd.,NSE_EQ
AUROPHARMA,275,Aurobindo Pharma Ltd.,NSE_EQ
AWL,8110,AWL Agri Business Ltd.,NSE_EQ
AXISBANK,5900,Axis Bank Ltd.,NSE_EQ
BAJAJ-AUTO,16669,Bajaj Auto Ltd.,NSE_EQ
BAJAJFINSV,16675,Bajaj Finserv Ltd.,NSE_EQ
BAJAJHFL,25270,Bajaj Housing Finance Ltd.,NSE_EQ
BAJAJHLDNG,305,Bajaj Holdings & Investment Ltd.,NSE_EQ
BAJFINANCE,317,Bajaj Finance Ltd.,NSE_EQ
BALKRISIND,335,Balkrishna Industries Ltd.,NSE_EQ
BALRAMCHIN,341,Balrampur Chini Mills Ltd.,NSE_EQ
BANDHANBNK,2263,Bandhan Bank Ltd.,NSE_EQ
BANKBARODA,4668,Bank of Baroda,NSE_EQ
BANKINDIA,4745,Bank of India,NSE_EQ
BATAINDIA,371,Bata India Ltd.,NSE_EQ
BAYERCROP,17927,Bayer Cropscience Ltd.,NSE_EQ
BBTC,380,Bombay Burmah Trading Corporation Ltd.,NSE_EQ
BDL,2144,Bharat Dynamics Ltd.,NSE_EQ
BEL,383,Bharat Electronics Ltd.,NSE_EQ
BELRISE,757102,Belrise Industries Ltd.,NSE_EQ
BEML,395,BEML Ltd.,NSE_EQ
BERGEPAINT,404,Berger Paints India Ltd.,NSE_EQ
BHARATFORG,422,Bharat Forge Ltd.,NSE_EQ
BHARTIARTL,10604,Bharti Airtel Ltd.,NSE_EQ
BHARTIHEXA,23489,Bharti Hexacom Ltd.,NSE_EQ
BHEL,438,Bharat Heavy Electricals Ltd.,NSE_EQ
BIKAJI,11966,Bikaji Foods International Ltd.,NSE_EQ
BIOCON,11373,Biocon Ltd.,NSE_EQ
BLS,17279,BLS International Services Ltd.,NSE_EQ
BLUEDART,495,Blue Dart Express Ltd.,NSE_EQ
BLUEJET,19686,Blue Jet Healthcare Ltd.,NSE_EQ
BLUESTARCO,8311,Blue Star Ltd.,NSE_EQ
BOSCHLTD,2181,Bosch Ltd.,NSE_EQ
BPCL,526,Bharat Petroleum Corporation Ltd.,NSE_EQ
BRIGADE,15184,Brigade Enterprises Ltd.,NSE_EQ
BRITANNIA,547,Britannia Industries Ltd.,NSE_EQ
BSE,19585,BSE Ltd.,NSE_EQ
BSOFT,6994,Birlasoft Ltd.,NSE_EQ
CAMS,342,Computer Age Management Services Ltd.,NSE_EQ
CANBK,10794,Canara Bank,NSE_EQ
CANFINHOME,583,Can Fin Homes Ltd.,NSE_EQ
CANHLIFE,759477,Canara HSBC Life Insurance Company Ltd.,NSE_EQ
CAPLIPOINT,3906,Caplin Point Laboratories Ltd.,NSE_EQ
CARBORUNIV,595,Carborundum Universal Ltd.,NSE_EQ
CARTRADE,5407,Cartrade Tech Ltd.,NSE_EQ
CASTROLIND,1250,Castrol India Ltd.,NSE_EQ
CCL,11452,CCL Products (I) Ltd.,NSE_EQ
CDSL,21174,Central Depository Services (India) Ltd.,NSE_EQ
CEATLTD,15254,Ceat Ltd.,NSE_EQ
CEMPRO,5622,Cemindia Projects Ltd.,NSE_EQ
CENTRALBK,14894,Central Bank of India,NSE_EQ
CESC,628,CESC Ltd.,NSE_EQ
CGCL,20329,Capri Global Capital Ltd.,NSE_EQ
CGPOWER,760,CG Power and Industrial Solutions Ltd.,NSE_EQ
CHALET,8546,Chalet Hotels Ltd.,NSE_EQ
CHAMBLFERT,637,Chambal Fertilizers & Chemicals Ltd.,NSE_EQ
CHENNPETRO,2049,Chennai Petroleum Corporation Ltd.,NSE_EQ
CHOICEIN,8866,Choice International Ltd.,NSE_EQ
CHOLAFIN,685,Cholamandalam Investment and Finance Company Ltd.,NSE_EQ
CHOLAHLDNG,21740,Cholamandalam Financial Holdings Ltd.,NSE_EQ
CIEINDIA,14937,CIE Automotive India Ltd.,NSE_EQ
CIPLA,694,Cipla Ltd.,NSE_EQ
CLEAN,5049,Clean Science and Technology Ltd.,NSE_EQ
COALINDIA,20374,Coal India Ltd.,NSE_EQ
COCHINSHIP,21508,Cochin Shipyard Ltd.,NSE_EQ
COFORGE,11543,Coforge Ltd.,NSE_EQ
COHANCE,17945,Cohance Lifesciences Ltd.,NSE_EQ
COLPAL,15141,Colgate Palmolive (India) Ltd.,NSE_EQ
CONCOR,4749,Container Corporation of India Ltd.,NSE_EQ
CONCORDBIO,18060,Concord Biotech Ltd.,NSE_EQ
COROMANDEL,739,Coromandel International Ltd.,NSE_EQ
CPPLUS,758858,Aditya Infotech Ltd.,NSE_EQ
CRAFTSMAN,2854,Craftsman Automation Ltd.,NSE_EQ
CREDITACC,4421,CreditAccess Grameen Ltd.,NSE_EQ
CRISIL,757,CRISIL Ltd.,NSE_EQ
CROMPTON,17094,Crompton Greaves Consumer Electricals Ltd.,NSE_EQ
CUB,5701,City Union Bank Ltd.,NSE_EQ
CUMMINSIND,1901,Cummins India Ltd.,NSE_EQ
CYIENT,5748,Cyient Ltd.,NSE_EQ
DABUR,772,Dabur India Ltd.,NSE_EQ
DALBHARAT,8075,Dalmia Bharat Ltd.,NSE_EQ
DATAPATTNS,7358,Data Patterns (India) Ltd.,NSE_EQ
DCMSHRIRAM,811,DCM Shriram Ltd.,NSE_EQ
DEEPAKFERT,827,Deepak Fertilisers & Petrochemicals Corp. Ltd.,NSE_EQ
DEEPAKNTR,19943,Deepak Nitrite Ltd.,NSE_EQ
DELHIVERY,9599,Delhivery Ltd.,NSE_EQ
DEVYANI,5373,Devyani International Ltd.,NSE_EQ
DIVISLAB,10940,Divi's Laboratories Ltd.,NSE_EQ
DIXON,21690,Dixon Technologies (India) Ltd.,NSE_EQ
DLF,14732,DLF Ltd.,NSE_EQ
DMART,19913,Avenue Supermarts Ltd.,NSE_EQ
DOMS,20551,DOMS Industries Ltd.,NSE_EQ
DRREDDY,881,Dr. Reddy's Laboratories Ltd.,NSE_EQ
ECLERX,15179,eClerx Services Ltd.,NSE_EQ
EICHERMOT,910,Eicher Motors Ltd.,NSE_EQ
EIDPARRY,916,E.I.D. Parry (India) Ltd.,NSE_EQ
EIHOTEL,919,EIH Ltd.,NSE_EQ
ELECON,13643,Elecon Engineering Co. Ltd.,NSE_EQ
ELGIEQUIP,937,Elgi Equipments Ltd.,NSE_EQ
EMAMILTD,13517,Emami Ltd.,NSE_EQ
EMCURE,24398,Emcure Pharmaceuticals Ltd.,NSE_EQ
EMMVEE,759728,Emmvee Photovoltaic Power Ltd.,NSE_EQ
ENDURANCE,18822,Endurance Technologies Ltd.,NSE_EQ
ENGINERSIN,4907,Engineers India Ltd.,NSE_EQ
ENRIN,756871,Siemens Energy India Ltd.,NSE_EQ
ERIS,21154,Eris Lifesciences Ltd.,NSE_EQ
ESCORTS,958,Escorts Kubota Ltd.,NSE_EQ
ETERNAL,5097,Eternal Ltd.,NSE_EQ
EXIDEIND,676,Exide Industries Ltd.,NSE_EQ
FACT,1008,Fertilisers and Chemicals Travancore Ltd.,NSE_EQ
FEDERALBNK,1023,Federal Bank Ltd.,NSE_EQ
FINCABLES,1038,Finolex Cables Ltd.,NSE_EQ
FIRSTCRY,24814,Brainbees Solutions Ltd.,NSE_EQ
FIVESTAR,12032,Five-Star Business Finance Ltd.,NSE_EQ
FLUOROCHEM,13750,Gujarat Fluorochemicals Ltd.,NSE_EQ
FORCEMOT,11573,Force Motors Ltd.,NSE_EQ
FORTIS,14592,Fortis Healthcare Ltd.,NSE_EQ
FSL,14304,Firstsource Solutions Ltd.,NSE_EQ
GABRIEL,1085,Gabriel India Ltd.,NSE_EQ
GAIL,4717,GAIL (India) Ltd.,NSE_EQ
GALLANTT,13337,Gallantt Ispat Ltd.,NSE_EQ
GESHIP,13776,Great Eastern Shipping Co. Ltd.,NSE_EQ
GICRE,277,General Insurance Corporation of India,NSE_EQ
GILLETTE,1576,Gillette India Ltd.,NSE_EQ
GLAND,1186,Gland Pharma Ltd.,NSE_EQ
GLAXO,1153,Glaxosmithkline Pharmaceuticals Ltd.,NSE_EQ
GLENMARK,7406,Glenmark Pharmaceuticals Ltd.,NSE_EQ
GMDCLTD,5204,Gujarat Mineral Development Corporation Ltd.,NSE_EQ
GMRAIRPORT,13528,GMR Airports Ltd.,NSE_EQ
GODFRYPHLP,1181,Godfrey Phillips India Ltd.,NSE_EQ
GODIGIT,23799,Go Digit General Insurance Ltd.,NSE_EQ
GODREJCP,10099,Godrej Consumer Products Ltd.,NSE_EQ
GODREJIND,10925,Godrej Industries Ltd.,NSE_EQ
GODREJPROP,17875,Godrej Properties Ltd.,NSE_EQ
GPIL,13409,Godawari Power & Ispat Ltd.,NSE_EQ
GRANULES,11872,Granules India Ltd.,NSE_EQ
GRAPHITE,592,Graphite India Ltd.,NSE_EQ
GRASIM,1232,Grasim Industries Ltd.,NSE_EQ
GRAVITA,20534,Gravita India Ltd.,NSE_EQ
GROWW,759806,Billionbrains Garage Ventures Ltd.,NSE_EQ
GRSE,5475,Garden Reach Shipbuilders & Engineers Ltd.,NSE_EQ
GVT&D,16783,GE Vernova T&D India Ltd.,NSE_EQ
HAL,2303,Hindustan Aeronautics Ltd.,NSE_EQ
HAVELLS,9819,Havells India Ltd.,NSE_EQ
HBLENGINE,13966,HBL Engineering Ltd.,NSE_EQ
HCLTECH,7229,HCL Technologies Ltd.,NSE_EQ
HDBFS,757772,HDB Financial Services Ltd.,NSE_EQ
HDFCAMC,4244,HDFC Asset Management Company Ltd.,NSE_EQ
HDFCBANK,1333,HDFC Bank Ltd.,NSE_EQ
HDFCLIFE,467,HDFC Life Insurance Company Ltd.,NSE_EQ
HEG,1336,H.E.G. Ltd.,NSE_EQ
HEROMOTOCO,1348,Hero MotoCorp Ltd.,NSE_EQ
HEXT,29666,Hexaware Technologies Ltd.,NSE_EQ
HFCL,21951,HFCL Ltd.,NSE_EQ
HINDALCO,1363,Hindalco Industries Ltd.,NSE_EQ
HINDCOPPER,17939,Hindustan Copper Ltd.,NSE_EQ
HINDPETRO,1406,Hindustan Petroleum Corporation Ltd.,NSE_EQ
HINDUNILVR,1394,Hindustan Unilever Ltd.,NSE_EQ
HINDZINC,1424,Hindustan Zinc Ltd.,NSE_EQ
HOMEFIRST,2056,Home First Finance Company India Ltd.,NSE_EQ
HONASA,19813,Honasa Consumer Ltd.,NSE_EQ
HONAUT,3417,Honeywell Automation India Ltd.,NSE_EQ
HSCL,14334,Himadri Speciality Chemical Ltd.,NSE_EQ
HUDCO,20825,Housing & Urban Development Corporation Ltd.,NSE_EQ
HYUNDAI,25844,Hyundai Motor India Ltd.,NSE_EQ
ICICIAMC,760407,ICICI Prudential Asset Management Company Ltd.,NSE_EQ
ICICIBANK,4963,ICICI Bank Ltd.,NSE_EQ
ICICIGI,21770,ICICI Lombard General Insurance Company Ltd.,NSE_EQ
ICICIPRULI,18652,ICICI Prudential Life Insurance Company Ltd.,NSE_EQ
IDBI,1476,IDBI Bank Ltd.,NSE_EQ
IDEA,14366,Vodafone Idea Ltd.,NSE_EQ
IDFCFIRSTB,11184,IDFC First Bank Ltd.,NSE_EQ
IEX,220,Indian Energy Exchange Ltd.,NSE_EQ
IFCI,1491,IFCI Ltd.,NSE_EQ
IGIL,28378,International Gemological Institute Ltd.,NSE_EQ
IGL,11262,Indraprastha Gas Ltd.,NSE_EQ
IIFL,11809,IIFL Finance Ltd.,NSE_EQ
IKS,28125,Inventurus Knowledge Solutions Ltd.,NSE_EQ
INDGN,23693,Indegene Ltd.,NSE_EQ
INDHOTEL,1512,Indian Hotels Co. Ltd.,NSE_EQ
INDIACEM,1515,India Cements Ltd.,NSE_EQ
INDIAMART,10726,Indiamart Intermesh Ltd.,NSE_EQ
INDIANB,14309,Indian Bank,NSE_EQ
INDIGO,11195,InterGlobe Aviation Ltd.,NSE_EQ
INDUSINDBK,5258,IndusInd Bank Ltd.,NSE_EQ
INDUSTOWER,29135,Indus Towers Ltd.,NSE_EQ
INFY,1594,Infosys Ltd.,NSE_EQ
INOXWIND,7852,Inox Wind Ltd.,NSE_EQ
INTELLECT,5926,Intellect Design Arena Ltd.,NSE_EQ
IOB,9348,Indian Overseas Bank,NSE_EQ
IOC,1624,Indian Oil Corporation Ltd.,NSE_EQ
IPCALAB,1633,Ipca Laboratories Ltd.,NSE_EQ
IRB,15313,IRB Infrastructure Developers Ltd.,NSE_EQ
IRCON,4986,IRCON International Ltd.,NSE_EQ
IRCTC,13611,Indian Railway Catering And Tourism Corporation Ltd.,NSE_EQ
IREDA,20261,Indian Renewable Energy Development Agency Ltd.,NSE_EQ
IRFC,2029,Indian Railway Finance Corporation Ltd.,NSE_EQ
ITC,1660,ITC Ltd.,NSE_EQ
ITCHOTELS,29251,ITC Hotels Ltd.,NSE_EQ
ITI,1675,ITI Ltd.,NSE_EQ
J&KBANK,5633,Jammu & Kashmir Bank Ltd.,NSE_EQ
JAINREC,759244,Jain Resource Recycling Ltd.,NSE_EQ
JBCHEPHARM,1726,J.B. Chemicals & Pharmaceuticals Ltd.,NSE_EQ
JBMA,11655,JBM Auto Ltd.,NSE_EQ
JINDALSAW,3024,Jindal Saw Ltd.,NSE_EQ
JINDALSTEL,6733,Jindal Steel Ltd.,NSE_EQ
JIOFIN,18143,Jio Financial Services Ltd.,NSE_EQ
JKCEMENT,13270,J.K. Cement Ltd.,NSE_EQ
JKTYRE,14435,JK Tyre & Industries Ltd.,NSE_EQ
JMFINANCIL,13637,JM Financial Ltd.,NSE_EQ
JPPOWER,11763,Jaiprakash Power Ventures Ltd.,NSE_EQ
JSL,11236,Jindal Stainless Ltd.,NSE_EQ
JSWCEMENT,758460,JSW Cement Ltd.,NSE_EQ
JSWDULUX,1467,JSW Dulux Ltd.,NSE_EQ
JSWENERGY,17869,JSW Energy Ltd.,NSE_EQ
JSWINFRA,19020,JSW Infrastructure Ltd.,NSE_EQ
JSWSTEEL,11723,JSW Steel Ltd.,NSE_EQ
JUBLFOOD,18096,Jubilant Foodworks Ltd.,NSE_EQ
JUBLINGREA,2783,Jubilant Ingrevia Ltd.,NSE_EQ
JUBLPHARMA,3637,Jubilant Pharmova Ltd.,NSE_EQ
JWL,20224,Jupiter Wagons Ltd.,NSE_EQ
JYOTICNC,21334,Jyoti CNC Automation Ltd.,NSE_EQ
KAJARIACER,1808,Kajaria Ceramics Ltd.,NSE_EQ
KALYANKJIL,2955,Kalyan Jewellers India Ltd.,NSE_EQ
KARURVYSYA,1838,Karur Vysya Bank Ltd.,NSE_EQ
KAYNES,12092,Kaynes Technology India Ltd.,NSE_EQ
KEC,13260,Kec International Ltd.,NSE_EQ
KEI,13310,KEI Industries Ltd.,NSE_EQ
KFINTECH,13359,Kfin Technologies Ltd.,NSE_EQ
KIMS,4847,Krishna Institute of Medical Sciences Ltd.,NSE_EQ
KIRLOSENG,20936,Kirloskar Oil Eng Ltd.,NSE_EQ
KOTAKBANK,1922,Kotak Mahindra Bank Ltd.,NSE_EQ
KPIL,1814,Kalpataru Projects International Ltd.,NSE_EQ
KPITTECH,9683,KPIT Technologies Ltd.,NSE_EQ
KPRMILL,14912,K.P.R. Mill Ltd.,NSE_EQ
LALPATHLAB,11654,Dr. Lal Path Labs Ltd.,NSE_EQ
LATENTVIEW,6818,Latent View Analytics Ltd.,NSE_EQ
LAURUSLABS,19234,Laurus Labs Ltd.,NSE_EQ
LEMONTREE,2606,Lemon Tree Hotels Ltd.,NSE_EQ
LENSKART,759605,Lenskart Solutions Ltd.,NSE_EQ
LGEINDIA,760213,LG Electronics India Ltd.,NSE_EQ
LICHSGFIN,1997,LIC Housing Finance Ltd.,NSE_EQ
LICI,9480,Life Insurance Corporation of India,NSE_EQ
LINDEINDIA,1627,Linde India Ltd.,NSE_EQ
LLOYDSME,17313,Lloyds Metals And Energy Ltd.,NSE_EQ
LODHA,3220,Lodha Developers Ltd.,NSE_EQ
LT,11483,Larsen & Toubro Ltd.,NSE_EQ
LTF,24948,L&T Finance Ltd.,NSE_EQ
LTFOODS,13816,LT Foods Ltd.,NSE_EQ
LTM,17818,LTM Ltd.,NSE_EQ
LTTS,18564,L&T Technology Services Ltd.,NSE_EQ
LUPIN,10440,Lupin Ltd.,NSE_EQ
M&M,2031,Mahindra & Mahindra Ltd.,NSE_EQ
M&MFIN,13285,Mahindra & Mahindra Financial Services Ltd.,NSE_EQ
MAHABANK,11377,Bank of Maharashtra,NSE_EQ
MANAPPURAM,19061,Manappuram Finance Ltd.,NSE_EQ
MANKIND,15380,Mankind Pharma Ltd.,NSE_EQ
MAPMYINDIA,7227,C.E. Info Systems Ltd.,NSE_EQ
MARICO,4067,Marico Ltd.,NSE_EQ
MARUTI,10999,Maruti Suzuki India Ltd.,NSE_EQ
MAXHEALTH,22377,Max Healthcare Institute Ltd.,NSE_EQ
MAZDOCK,509,Mazagoan Dock Shipbuilders Ltd.,NSE_EQ
MCX,31181,Multi Commodity Exchange of India Ltd.,NSE_EQ
MEDANTA,11956,Global Health Ltd.,NSE_EQ
MEESHO,760229,Meesho Ltd.,NSE_EQ
MFSL,2142,Max Financial Services Ltd.,NSE_EQ
MGL,17534,Mahanagar Gas Ltd.,NSE_EQ
MINDACORP,25897,Minda Corporation Ltd.,NSE_EQ
MMTC,17957,MMTC Ltd.,NSE_EQ
MOTHERSON,4204,Samvardhana Motherson International Ltd.,NSE_EQ
MOTILALOFS,14947,Motilal Oswal Financial Services Ltd.,NSE_EQ
MPHASIS,4503,MphasiS Ltd.,NSE_EQ
MRF,2277,MRF Ltd.,NSE_EQ
MRPL,2283,Mangalore Refinery & Petrochemicals Ltd.,NSE_EQ
MSUMI,8596,Motherson Sumi Wiring India Ltd.,NSE_EQ
MUTHOOTFIN,23650,Muthoot Finance Ltd.,NSE_EQ
NAM-INDIA,357,Nippon Life India Asset Management Ltd.,NSE_EQ
NATCOPHARM,3918,NATCO Pharma Ltd.,NSE_EQ
NATIONALUM,6364,National Aluminium Co. Ltd.,NSE_EQ
NAUKRI,13751,Info Edge (India) Ltd.,NSE_EQ
NAVA,4014,Nava Ltd.,NSE_EQ
NAVINFLUOR,14672,Navin Fluorine International Ltd.,NSE_EQ
NBCC,31415,NBCC (India) Ltd.,NSE_EQ
NCC,2319,NCC Ltd.,NSE_EQ
NESTLEIND,17963,Nestle India Ltd.,NSE_EQ
NETWEB,17433,Netweb Technologies India Ltd.,NSE_EQ
NEULANDLAB,2406,Neuland Laboratories Ltd.,NSE_EQ
NEWGEN,1164,Newgen Software Technologies Ltd.,NSE_EQ
NH,11840,Narayana Hrudayalaya Ltd.,NSE_EQ
NHPC,17400,NHPC Ltd.,NSE_EQ
NIACL,399,The New India Assurance Company Ltd.,NSE_EQ
NIVABUPA,27097,Niva Bupa Health Insurance Company Ltd.,NSE_EQ
NLCINDIA,8585,NLC India Ltd.,NSE_EQ
NMDC,15332,NMDC Ltd.,NSE_EQ
NSLNISP,14180,NMDC Steel Ltd.,NSE_EQ
NTPC,11630,NTPC Ltd.,NSE_EQ
NTPCGREEN,27176,NTPC Green Energy Ltd.,NSE_EQ
NUVAMA,18721,Nuvama Wealth Management Ltd.,NSE_EQ
NUVOCO,5426,Nuvoco Vistas Corporation Ltd.,NSE_EQ
NYKAA,6545,FSN E-Commerce Ventures Ltd.,NSE_EQ
OBEROIRLTY,20242,Oberoi Realty Ltd.,NSE_EQ
OFSS,10738,Oracle Financial Services Software Ltd.,NSE_EQ
OIL,17438,Oil India Ltd.,NSE_EQ
OLAELEC,24777,Ola Electric Mobility Ltd.,NSE_EQ
OLECTRA,10637,Olectra Greentech Ltd.,NSE_EQ
ONESOURCE,29224,Onesource Specialty Pharma Ltd.,NSE_EQ
ONGC,2475,Oil & Natural Gas Corporation Ltd.,NSE_EQ
PAGEIND,14413,Page Industries Ltd.,NSE_EQ
PARADEEP,9741,Paradeep Phosphates Ltd.,NSE_EQ
PATANJALI,17029,Patanjali Foods Ltd.,NSE_EQ
PAYTM,6705,One 97 Communications Ltd.,NSE_EQ
PCBL,2649,PCBL Chemical Ltd.,NSE_EQ
PERSISTENT,18365,Persistent Systems Ltd.,NSE_EQ
PETRONET,11351,Petronet LNG Ltd.,NSE_EQ
PFC,14299,Power Finance Corporation Ltd.,NSE_EQ
PFIZER,2643,Pfizer Ltd.,NSE_EQ
PGEL,25358,PG Electroplast Ltd.,NSE_EQ
PHOENIXLTD,14552,Phoenix Mills Ltd.,NSE_EQ
PIDILITIND,2664,Pidilite Industries Ltd.,NSE_EQ
PIIND,24184,PI Industries Ltd.,NSE_EQ
PINELABS,759820,Pine Labs Ltd.,NSE_EQ
PIRAMALFIN,759551,Piramal Finance Ltd.,NSE_EQ
PNB,10666,Punjab National Bank,NSE_EQ
PNBHOUSING,18908,PNB Housing Finance Ltd.,NSE_EQ
POLICYBZR,6656,PB Fintech Ltd.,NSE_EQ
POLYCAB,9590,Polycab India Ltd.,NSE_EQ
POLYMED,25718,Poly Medicure Ltd.,NSE_EQ
POONAWALLA,11403,Poonawalla Fincorp Ltd.,NSE_EQ
POWERGRID,14977,Power Grid Corporation of India Ltd.,NSE_EQ
POWERINDIA,18457,Hitachi Energy India Ltd.,NSE_EQ
PPLPHARMA,11571,Piramal Pharma Ltd.,NSE_EQ
PREMIERENE,25049,Premier Energies Ltd.,NSE_EQ
PRESTIGE,20302,Prestige Estates Projects Ltd.,NSE_EQ
PTCIL,16682,PTC Industries Ltd.,NSE_EQ
PVRINOX,13147,PVR INOX Ltd.,NSE_EQ
PWL,759723,Physicswallah Ltd.,NSE_EQ
RADICO,10990,Radico Khaitan Ltd,NSE_EQ
RAILTEL,2431,Railtel Corporation Of India Ltd.,NSE_EQ
RAINBOW,9408,Rainbow Childrens Medicare Ltd.,NSE_EQ
RAMCOCEM,2043,The Ramco Cements Ltd.,NSE_EQ
RBLBANK,18391,RBL Bank Ltd.,NSE_EQ
RECLTD,15355,REC Ltd.,NSE_EQ
REDINGTON,14255,Redington Ltd.,NSE_EQ
RELIANCE,2885,Reliance Industries Ltd.,NSE_EQ
RHIM,31163,RHI MAGNESITA INDIA LTD.,NSE_EQ
RITES,3761,RITES Ltd.,NSE_EQ
RKFORGE,11411,Ramkrishna Forgings Ltd.,NSE_EQ
RPOWER,15259,Reliance Power Ltd.,NSE_EQ
RRKABEL,18566,R R Kabel Ltd.,NSE_EQ
RVNL,9552,Rail Vikas Nigam Ltd.,NSE_EQ
SAGILITY,27052,Sagility Ltd.,NSE_EQ
SAIL,2963,Steel Authority of India Ltd.,NSE_EQ
SAILIFE,27839,Sai Life Sciences Ltd.,NSE_EQ
SAMMAANCAP,30125,Sammaan Capital Ltd.,NSE_EQ
SAPPHIRE,6718,Sapphire Foods India Ltd.,NSE_EQ
SARDAEN,17758,Sarda Energy and Minerals Ltd.,NSE_EQ
SAREGAMA,4892,Saregama India Ltd,NSE_EQ
SBFC,18026,SBFC Finance Ltd.,NSE_EQ
SBICARD,17971,SBI Cards and Payment Services Ltd.,NSE_EQ
SBILIFE,21808,SBI Life Insurance Company Ltd.,NSE_EQ
SBIN,3045,State Bank of India,NSE_EQ
SCHAEFFLER,1011,Schaeffler India Ltd.,NSE_EQ
SCHNEIDER,31234,Schneider Electric Infrastructure Ltd.,NSE_EQ
SCI,3048,Shipping Corporation of India Ltd.,NSE_EQ
SHREECEM,3103,Shree Cement Ltd.,NSE_EQ
SHRIRAMFIN,4306,Shriram Finance Ltd.,NSE_EQ
SHYAMMETL,4693,Shyam Metalics and Energy Ltd.,NSE_EQ
SIEMENS,3150,Siemens Ltd.,NSE_EQ
SIGNATURE,18743,Signatureglobal (India) Ltd.,NSE_EQ
SJVN,18883,SJVN Ltd.,NSE_EQ
SOBHA,13826,Sobha Ltd.,NSE_EQ
SOLARINDS,13332,Solar Industries India Ltd.,NSE_EQ
SONACOMS,4684,Sona BLW Precision Forgings Ltd.,NSE_EQ
SONATSOFTW,6596,Sonata Software Ltd.,NSE_EQ
SPLPETRO,9617,Supreme Petrochem Ltd.,NSE_EQ
SRF,3273,SRF Ltd.,NSE_EQ
STARHEALTH,7083,Star Health and Allied Insurance Company Ltd.,NSE_EQ
SUMICHEM,17105,Sumitomo Chemical India Ltd.,NSE_EQ
SUNDARMFIN,3339,Sundaram Finance Ltd.,NSE_EQ
SUNPHARMA,3351,Sun Pharmaceutical Industries Ltd.,NSE_EQ
SUNTV,13404,Sun TV Network Ltd.,NSE_EQ
SUPREMEIND,3363,Supreme Industries Ltd.,NSE_EQ
SUZLON,12018,Suzlon Energy Ltd.,NSE_EQ
SWANCORP,27095,Swan Corp Ltd.,NSE_EQ
SWIGGY,27066,Swiggy Ltd.,NSE_EQ
SYNGENE,10243,Syngene International Ltd.,NSE_EQ
SYRMA,10793,Syrma SGS Technology Ltd.,NSE_EQ
TARIL,15174,Transformers And Rectifiers (India) Ltd.,NSE_EQ
TATACAP,759265,Tata Capital Ltd.,NSE_EQ
TATACHEM,3405,Tata Chemicals Ltd.,NSE_EQ
TATACOMM,3721,Tata Communications Ltd.,NSE_EQ
TATACONSUM,3432,Tata Consumer Products Ltd.,NSE_EQ
TATAELXSI,3411,Tata Elxsi Ltd.,NSE_EQ
TATAINVEST,1621,Tata Investment Corporation Ltd.,NSE_EQ
TATAPOWER,3426,Tata Power Co. Ltd.,NSE_EQ
TATASTEEL,3499,Tata Steel Ltd.,NSE_EQ
TATATECH,20293,Tata Technologies Ltd.,NSE_EQ
TBOTEK,23740,TBO Tek Ltd.,NSE_EQ
TCS,11536,Tata Consultancy Services Ltd.,NSE_EQ
TECHM,13538,Tech Mahindra Ltd.,NSE_EQ
TECHNOE,6445,Techno Electric & Engineering Company Ltd.,NSE_EQ
TEGA,7105,Tega Industries Ltd.,NSE_EQ
TEJASNET,21131,Tejas Networks Ltd.,NSE_EQ
TENNIND,759880,Tenneco Clean Air India Ltd.,NSE_EQ
THELEELA,757014,Leela Palaces Hotels & Resorts Ltd.,NSE_EQ
THERMAX,3475,Thermax Ltd.,NSE_EQ
TIINDIA,312,Tube Investments of India Ltd.,NSE_EQ
TIMKEN,14198,Timken India Ltd.,NSE_EQ
TITAGARH,15414,Titagarh Rail Systems Ltd.,NSE_EQ
TITAN,3506,Titan Company Ltd.,NSE_EQ
TMCV,759782,Tata Motors Ltd.,NSE_EQ
TMPV,3456,Tata Motors Passenger Vehicles Ltd.,NSE_EQ
TORNTPHARM,3518,Torrent Pharmaceuticals Ltd.,NSE_EQ
TORNTPOWER,13786,Torrent Power Ltd.,NSE_EQ
TRAVELFOOD,757545,Travel Food Services Ltd.,NSE_EQ
TRENT,1964,Trent Ltd.,NSE_EQ
TRIDENT,9685,Trident Ltd.,NSE_EQ
TRITURBINE,25584,Triveni Turbine Ltd.,NSE_EQ
TTML,8954,Tata Teleservices (Maharashtra) Ltd.,NSE_EQ
TVSMOTOR,8479,TVS Motor Company Ltd.,NSE_EQ
UBL,16713,United Breweries Ltd.,NSE_EQ
UCOBANK,11223,UCO Bank,NSE_EQ
ULTRACEMCO,11532,UltraTech Cement Ltd.,NSE_EQ
UNIONBANK,10753,Union Bank of India,NSE_EQ
UNITDSPR,10447,United Spirits Ltd.,NSE_EQ
UNOMINDA,14154,UNO Minda Ltd.,NSE_EQ
UPL,11287,UPL Ltd.,NSE_EQ
URBANCO,759084,Urban Company Ltd.,NSE_EQ
USHAMART,8840,Usha Martin Ltd.,NSE_EQ
UTIAMC,527,UTI Asset Management Company Ltd.,NSE_EQ
VBL,18921,Varun Beverages Ltd.,NSE_EQ
VEDL,3063,Vedanta Ltd.,NSE_EQ
VIJAYA,5585,Vijaya Diagnostic Centre Ltd.,NSE_EQ
VMM,27969,Vishal Mega Mart Ltd.,NSE_EQ
VOLTAS,3718,Voltas Ltd.,NSE_EQ
VTL,2073,Vardhman Textiles Ltd.,NSE_EQ
WAAREEENER,25907,Waaree Energies Ltd.,NSE_EQ
WELCORP,11821,Welspun Corp Ltd.,NSE_EQ
WELSPUNLIV,11253,Welspun Living Ltd.,NSE_EQ
WHIRLPOOL,18011,Whirlpool of India Ltd.,NSE_EQ
WIPRO,3787,Wipro Ltd.,NSE_EQ
WOCKPHARMA,7506,Wockhardt Ltd.,NSE_EQ
YESBANK,11915,Yes Bank Ltd.,NSE_EQ
ZEEL,3812,Zee Entertainment Enterprises Ltd.,NSE_EQ
ZENSARTECH,1076,Zensar Technolgies Ltd.,NSE_EQ
ZENTEC,7508,Zen Technologies Ltd.,NSE_EQ
ZFCVINDIA,16915,ZF Commercial Vehicle Control Systems India Ltd.,NSE_EQ
ZYDUSLIFE,7929,Zydus Lifesciences Ltd.,NSE_EQ
ZYDUSWELL,17635,Zydus Wellness Ltd.,NSE_EQ
